modelo,Característica,Importancia
Regresión Logística,GrupoEdad_Mayor25,0.20359941275796023
Regresión Logística,GrupoEdad_MenosDe18,-0.5599424669038581
Regresión Logística,Genero_M,0.15049289840872365
Regresión Logística,Distrito_ANDAHUAYLAS,0.0
Regresión Logística,Distrito_ASIA,-0.3003567000358989
Regresión Logística,Distrito_ATE,0.11637275285888304
Regresión Logística,Distrito_AUCALLAMA,-0.23169952197334404
Regresión Logística,Distrito_AYACUCHO,0.10537969773802325
Regresión Logística,Distrito_BAGUA GRANDE,0.0
Regresión Logística,Distrito_BARRANCA,-0.23733961351834792
Regresión Logística,Distrito_BARRANCO,-0.35569493514983275
Regresión Logística,Distrito_BELLAVISTA,0.11926711088665752
Regresión Logística,Distrito_BREÑA,-0.08176573924608634
Regresión Logística,Distrito_CAJAMARCA,-0.03644253515934174
Regresión Logística,Distrito_CALCA,0.0
Regresión Logística,Distrito_CALLAO,-0.3636993619074249
Regresión Logística,Distrito_CALLERIA,0.318589398943377
Regresión Logística,Distrito_CARABAYLLO,0.8641251175910754
Regresión Logística,Distrito_CARAZ,0.0
Regresión Logística,Distrito_CARMEN ALTO,0.0
Regresión Logística,Distrito_CASMA,-0.02407148234786202
Regresión Logística,Distrito_CATACHE,-0.08179174244058358
Regresión Logística,Distrito_CERRO AZUL,-0.12477018473150846
Regresión Logística,Distrito_CERRO COLORADO,-0.0269353032240243
Regresión Logística,Distrito_CHACHAPOYAS,0.06281687320047664
Regresión Logística,Distrito_CHACLACAYO,0.04087113732342859
Regresión Logística,Distrito_CHALA,-0.21779820556836027
Regresión Logística,Distrito_CHANCAY,0.3035269280467235
Regresión Logística,Distrito_CHILCA,-0.1660112242660374
Regresión Logística,Distrito_CHIMBOTE,-0.20920333524857054
Regresión Logística,Distrito_CHORRILLOS,0.3346508275729471
Regresión Logística,Distrito_CIENEGUILLA,-0.5340676748743178
Regresión Logística,Distrito_COLQUIOC,0.0
Regresión Logística,Distrito_COLTA,0.0
Regresión Logística,Distrito_COMAS,0.206708742382921
Regresión Logística,Distrito_EL AGUSTINO,-0.45203139976347745
Regresión Logística,Distrito_FRIAS,-0.10643001443075746
Regresión Logística,Distrito_HUANCAVELICA,-0.1320778883504264
Regresión Logística,Distrito_HUANTA,-0.32222783677919403
Regresión Logística,Distrito_HUANUCO,-0.2678778576295097
Regresión Logística,Distrito_HUARAL,0.4582370423171704
Regresión Logística,Distrito_INDEPENDENCIA,0.7753418230300344
Regresión Logística,Distrito_IQUITOS,-0.07233009953466475
Regresión Logística,Distrito_JESÚS MARÍA,0.27492897631079277
Regresión Logística,Distrito_LA BANDA DE SHILCAYO,0.0
Regresión Logística,Distrito_LA MOLINA,-0.5923376220093265
Regresión Logística,Distrito_LA PUNTA,0.06922903004389837
Regresión Logística,Distrito_LA VICTORIA,-0.16465575919767217
Regresión Logística,Distrito_LIMA,-0.2349590920962414
Regresión Logística,Distrito_LINCE,-0.04834024275976435
Regresión Logística,Distrito_LOS OLIVOS,-0.14029352590213065
Regresión Logística,Distrito_LURIGANCHO,-0.1666181057461726
Regresión Logística,Distrito_LURIN,-0.2392288970355694
Regresión Logística,Distrito_MAGDALENA DEL MAR,-1.4612088666487772
Regresión Logística,Distrito_MALA,0.32954984363415624
Regresión Logística,Distrito_MANANTAY,0.028001484241012328
Regresión Logística,Distrito_MATUCANA,-0.06602944522304033
Regresión Logística,Distrito_MIRAFLORES,-0.10576038778232584
Regresión Logística,Distrito_MORALES,-0.03259517310290333
Regresión Logística,Distrito_PACHACAMAC,-0.34789875706576245
Regresión Logística,Distrito_PACHANGARA,0.0
Regresión Logística,Distrito_PADRE ABAD,0.0
Regresión Logística,Distrito_PANGOA,0.0
Regresión Logística,Distrito_PARDO MIGUEL,-0.04160859166128642
Regresión Logística,Distrito_PICHARI,0.0
Regresión Logística,Distrito_PISCO,-0.02699226573938151
Regresión Logística,Distrito_PIURA,0.7445161088784029
Regresión Logística,Distrito_PUCUSANA,0.015334971056080672
Regresión Logística,Distrito_PUEBLO LIBRE,-0.07967109741321915
Regresión Logística,Distrito_PUENTE PIEDRA,-0.008221670128998786
Regresión Logística,Distrito_PUNO,-0.28579135349652285
Regresión Logística,Distrito_PUNTA HERMOSA,0.27925084748970325
Regresión Logística,Distrito_PUNTA NEGRA,0.40476400237062166
Regresión Logística,Distrito_QUILMANA,0.7882999493353071
Regresión Logística,Distrito_RÍMAC,0.40498756111240364
Regresión Logística,Distrito_SALAS,-0.13446025861176739
Regresión Logística,Distrito_SAN ANTONIO,-0.304353033981012
Regresión Logística,Distrito_SAN BARTOLO,0.25860460169283883
Regresión Logística,Distrito_SAN BORJA,-0.35321081294639245
Regresión Logística,Distrito_SAN ISIDRO,0.1076292578391599
Regresión Logística,Distrito_SAN JERÓNIMO,-0.1679778001351393
Regresión Logística,Distrito_SAN JUAN BAUTISTA,0.0
Regresión Logística,Distrito_SAN JUAN DE LURIGANCHO,0.36425916967198424
Regresión Logística,Distrito_SAN JUAN DE MIRAFLORES,-0.11552732848837488
Regresión Logística,Distrito_SAN LUIS,0.2065004682587164
Regresión Logística,Distrito_SAN MARCOS,0.11688608811853493
Regresión Logística,Distrito_SAN MARTÍN DE PORRES,0.27001101114096715
Regresión Logística,Distrito_SAN MIGUEL,0.15846978642052525
Regresión Logística,Distrito_SAN VICENTE DE CAÑETE,-0.20762430944030658
Regresión Logística,Distrito_SANTA ANITA,-0.7560150209390095
Regresión Logística,Distrito_SANTA CRUZ DE COCACHACRA,-0.08764432300116161
Regresión Logística,Distrito_SANTA MARÍA,-0.1251664179586591
Regresión Logística,Distrito_SANTA ROSA,0.06702843758300246
Regresión Logística,Distrito_SANTA ROSA DE QUIVES,-0.20995145342791813
Regresión Logística,Distrito_SANTIAGO DE SURCO,-0.3135731942449354
Regresión Logística,Distrito_SAYAN,0.5168940700049609
Regresión Logística,Distrito_SULLANA,-0.0469815217863884
Regresión Logística,Distrito_SUPE,-0.12536575439550718
Regresión Logística,Distrito_SURQUILLO,-0.20146089648249485
Regresión Logística,Distrito_TACNA,-0.06322882603743364
Regresión Logística,Distrito_TAMBOPATA,-0.04722402380580431
Regresión Logística,Distrito_VENTANILLA,0.2160863094961984
Regresión Logística,Distrito_VILLA EL SALVADOR,0.19107108304553724
Regresión Logística,Distrito_VILLA MARÍA DEL TRIUNFO,0.14837564004555712
Regresión Logística,Provincia_AREQUIPA,-0.0269353032240243
Regresión Logística,Provincia_AYABACA ,-0.10643001443075746
Regresión Logística,Provincia_BARRANCA ,-0.36270536791385505
Regresión Logística,Provincia_BELLAVISTA ,-0.09845869704652739
Regresión Logística,Provincia_BOLOGNESI,0.0
Regresión Logística,Provincia_CAJAMARCA,-0.03644253515934174
Regresión Logística,Provincia_CALCA,0.0
Regresión Logística,Provincia_CANTA ,-0.20995145342791813
Regresión Logística,Provincia_CARAVELÍ,-0.21779820556836027
Regresión Logística,Provincia_CARLOS FERMÍN FITZCARRALD,-0.26693696647102944
Regresión Logística,Provincia_CASMA,-0.02407148234786202
Regresión Logística,Provincia_CAÑETE ,0.1912933518777985
Regresión Logística,Provincia_CHACHAPOYAS,0.06281687320047664
Regresión Logística,Provincia_CHICLAYO ,0.13713270257170476
Regresión Logística,Provincia_CORONEL PORTILLO ,0.3465908831843893
Regresión Logística,Provincia_HUAMANGA,0.10537969773802325
Regresión Logística,Provincia_HUANCAVELICA,-0.1320778883504264
Regresión Logística,Provincia_HUANTA,-0.32222783677919403
Regresión Logística,Provincia_HUARAL ,0.5300644483905499
Regresión Logística,Provincia_HUARI,0.11688608811853493
Regresión Logística,Provincia_HUAROCHIRÍ ,-0.4580268022052139
Regresión Logística,Provincia_HUAURA ,0.3917276520463018
Regresión Logística,Provincia_HUAYLAS,0.0
Regresión Logística,Provincia_HUÁNUCO,-0.2678778576295097
Regresión Logística,Provincia_ICA ,-0.13446025861176739
Regresión Logística,Provincia_JAÉN,-0.1124216323096797
Regresión Logística,Provincia_LA CONVENCIÓN,0.0
Regresión Logística,Provincia_LIMA,1.077949794810644
Regresión Logística,Provincia_LIMA ,-0.2779461831514157
Regresión Logística,Provincia_LUYA,-0.1679778001351393
Regresión Logística,Provincia_MAYNAS ,-0.07233009953466475
Regresión Logística,Provincia_OYÓN ,0.0
Regresión Logística,Provincia_PADRE ABAD ,0.0
Regresión Logística,Provincia_PISCO ,-0.02699226573938151
Regresión Logística,Provincia_PIURA ,0.7445161088784029
Regresión Logística,Provincia_PROV. CONST. DEL CALLAO,0.25176341787553635
Regresión Logística,Provincia_PUNO ,-0.28579135349652285
Regresión Logística,Provincia_PÀUCAR DEL SARA SARA,0.0
Regresión Logística,Provincia_RIOJA ,-0.04160859166128642
Regresión Logística,Provincia_SAN MARTÍN ,-0.03259517310290333
Regresión Logística,Provincia_SANTA,-0.20920333524857054
Regresión Logística,Provincia_SANTA CRUZ,-0.08179174244058358
Regresión Logística,Provincia_SATIPO ,0.0
Regresión Logística,Provincia_SULLANA ,-0.0469815217863884
Regresión Logística,Provincia_TACNA ,-0.06322882603743364
Regresión Logística,Provincia_TAMBOPATA ,-0.04722402380580431
Regresión Logística,Provincia_UTCUBAMBA,0.0
Regresión Logística,Departamento_APURÍMAC,0.0
Regresión Logística,Departamento_AREQUIPA,-0.24473350879238462
Regresión Logística,Departamento_AYACUCHO,-0.2168481390411708
Regresión Logística,Departamento_CAJAMARCA,-0.23065590990960508
Regresión Logística,Departamento_CALLAO,0.25176341787553635
Regresión Logística,Departamento_CUSCO,0.0
Regresión Logística,Departamento_HUANCAVELICA,-0.1320778883504264
Regresión Logística,Departamento_HUÁNUCO,-0.2678778576295097
Regresión Logística,Departamento_ICA,-0.1614525243511489
Regresión Logística,Departamento_JUNÍN,0.0
Regresión Logística,Departamento_LAMBAYEQUE,0.13713270257170476
Regresión Logística,Departamento_LIMA,0.8824054404268914
Regresión Logística,Departamento_LORETO,-0.07233009953466475
Regresión Logística,Departamento_MADRE DE DIOS,-0.04722402380580431
Regresión Logística,Departamento_PIURA,0.5911045726612566
Regresión Logística,Departamento_PUNO,-0.28579135349652285
Regresión Logística,Departamento_SAN MARTÍN,-0.17266246181071712
Regresión Logística,Departamento_TACNA,-0.06322882603743364
Regresión Logística,Departamento_UCAYALI,0.3465908831843893
Regresión Logística,Departamento_ÁNCASH,-0.3833256959489272
Regresión Logística,FamiliarResponsable_Apoderado,0.141691176268317
Regresión Logística,FamiliarResponsable_Madre,-0.1342226993889956
Regresión Logística,FamiliarResponsable_Padre,-0.3212390594495747
Regresión Logística,CantParcialesDesaprobados_1,-0.29891136130142487
Regresión Logística,CantParcialesDesaprobados_2,0.40765389150054615
Regresión Logística,CantParcialesDesaprobados_3,0.17163919142714704
Regresión Logística,CantParcialesDesaprobados_4,0.5974385389530613
Regresión Logística,CantParcialesDesaprobados_5,0.1557952051472489
Regresión Logística,CantParcialesDesaprobados_6,0.14913720586967677
Regresión Logística,CantParcialesDesaprobados_8,-0.2531804575212609
Regresión Logística,CantParcialesDesaprobados_9,0.24694674031419991
Regresión Logística,CantParcialesDesaprobados_10,0.42683007600944517
Regresión Logística,CantParcialesDesaprobados_12,0.7992092795631047
Regresión Logística,CantParcialesDesaprobados_15,0.2425103903841274
Regresión Logística,CantParcialesDesaprobados_18,0.11275974720549997
Regresión Logística,CantParcialesDesaprobados_21,0.32443844031278385
Regresión Logística,CantParcialesDesaprobados_28,0.14586828263301163
Regresión Logística,CantFinalesDesaprobados_1,0.5810035553434829
Regresión Logística,CantFinalesDesaprobados_2,0.04458301944110235
Regresión Logística,CantFinalesDesaprobados_3,-0.4625725326761605
Regresión Logística,CantFinalesDesaprobados_4,-0.5723997390689434
Regresión Logística,CantFinalesDesaprobados_5,0.420176726694919
Regresión Logística,CantFinalesDesaprobados_6,0.4540909197882129
Regresión Logística,CantFinalesDesaprobados_8,0.40188731061937955
Regresión Logística,CantFinalesDesaprobados_9,0.8145479806240515
Regresión Logística,CantFinalesDesaprobados_10,0.2877381877505464
Regresión Logística,CantFinalesDesaprobados_12,1.2494685447683669
Regresión Logística,CantFinalesDesaprobados_15,1.845241348087435
Regresión Logística,CantFinalesDesaprobados_18,2.862359440822177
Regresión Logística,CantFinalesDesaprobados_20,0.6050445388083457
Regresión Logística,CantFinalesDesaprobados_21,1.779883862787039
Regresión Logística,CantFinalesDesaprobados_28,0.6352384568350897
Regresión Logística,ExcedeNotasDesaprobadasNoParcNoFin_SI,1.028384939752987
Regresión Logística,ExcedeMitadCursosDesaprobados_SI,1.149502009924273
Regresión Logística,ProgramaAlu_Administracion de Empresas,-0.5194004767430902
Regresión Logística,ProgramaAlu_Arquitectura y Urb Ambiental,-0.03882122617950975
Regresión Logística,ProgramaAlu_Artes Escénicas,0.5183627509021275
Regresión Logística,ProgramaAlu_Biología Marina,0.23827754039063226
Regresión Logística,ProgramaAlu_Biología Marina y Econegocio,0.0
Regresión Logística,ProgramaAlu_Comunicación y Publicidad,-0.7714923595496016
Regresión Logística,ProgramaAlu_Contabilidad Corporativa,-0.8703624350427842
Regresión Logística,ProgramaAlu_Contabilidad y Finanzas,0.5046742094540334
Regresión Logística,ProgramaAlu_Derecho,-0.17809642269367734
Regresión Logística,ProgramaAlu_Enfermería,0.04560717935935564
Regresión Logística,ProgramaAlu_Estomatología,0.024176180258264575
Regresión Logística,ProgramaAlu_Farmacia y Bioquímica,-0.006119270723051513
Regresión Logística,ProgramaAlu_Ing. Económica y de Negocios,-0.24243579730420375
Regresión Logística,ProgramaAlu_Ing. Empresarial y de Sistemas,-0.21289850881567682
Regresión Logística,ProgramaAlu_Ing. Negocios Agroforestales,-0.2696329829151438
Regresión Logística,ProgramaAlu_Ing. de Sistemas Empresariales,0.6586385113033588
Regresión Logística,ProgramaAlu_Ingeniería Agroforestal,-0.4825777438734556
Regresión Logística,ProgramaAlu_Ingeniería Ambiental,-0.3958506797947795
Regresión Logística,ProgramaAlu_Ingeniería Civil,0.4111478729785829
Regresión Logística,ProgramaAlu_Ingeniería y Gestión Ambiental,-0.21162598307340602
Regresión Logística,ProgramaAlu_Marketing y Administración,0.21992436288520967
Regresión Logística,ProgramaAlu_Medic Veterinaria y Zootecnia,0.38505407378396256
Regresión Logística,ProgramaAlu_Medicina Humana,0.1044662839672329
Regresión Logística,ProgramaAlu_Nutrición y Dietética,-0.6433135358088452
Regresión Logística,ProgramaAlu_Obstetricia,-0.2136185952946795
Regresión Logística,ProgramaAlu_Psicología,-0.15233223155997566
Regresión Logística,ProgramaAlu_Turismo Sostenible y Hotelería,-0.5114214461751663
Regresión Logística,TipoColegio_PUBL,0.007076139816022421
Random Forest,GrupoEdad_Mayor25,0.013776635767567411
Random Forest,GrupoEdad_MenosDe18,0.022872293962597545
Random Forest,Genero_M,0.028923571768056933
Random Forest,Distrito_ANDAHUAYLAS,0.0
Random Forest,Distrito_ASIA,0.00015026315040809517
Random Forest,Distrito_ATE,0.014294640261220681
Random Forest,Distrito_AUCALLAMA,0.0014325199387674589
Random Forest,Distrito_AYACUCHO,0.0003675874993118174
Random Forest,Distrito_BAGUA GRANDE,0.0
Random Forest,Distrito_BARRANCA,0.00011367647166904264
Random Forest,Distrito_BARRANCO,0.0006473085979873639
Random Forest,Distrito_BELLAVISTA,0.0007014390565245669
Random Forest,Distrito_BREÑA,0.00033068587434972267
Random Forest,Distrito_CAJAMARCA,3.6808223540318327e-06
Random Forest,Distrito_CALCA,0.0
Random Forest,Distrito_CALLAO,0.001479827983466605
Random Forest,Distrito_CALLERIA,0.0008906118735611268
Random Forest,Distrito_CARABAYLLO,0.01012932913868443
Random Forest,Distrito_CARAZ,0.0
Random Forest,Distrito_CARMEN ALTO,0.0
Random Forest,Distrito_CASMA,2.7441403083255088e-05
Random Forest,Distrito_CATACHE,0.00010689363491465214
Random Forest,Distrito_CERRO AZUL,5.031054346635252e-05
Random Forest,Distrito_CERRO COLORADO,4.587804443066449e-06
Random Forest,Distrito_CHACHAPOYAS,0.00020429756146575511
Random Forest,Distrito_CHACLACAYO,0.0027965861401532946
Random Forest,Distrito_CHALA,0.00035953822434793374
Random Forest,Distrito_CHANCAY,0.000909877767355742
Random Forest,Distrito_CHILCA,8.028435652308751e-05
Random Forest,Distrito_CHIMBOTE,0.00016883808649467217
Random Forest,Distrito_CHORRILLOS,0.014249120615789819
Random Forest,Distrito_CIENEGUILLA,0.0011112471458220381
Random Forest,Distrito_COLQUIOC,0.0
Random Forest,Distrito_COLTA,0.0
Random Forest,Distrito_COMAS,0.012803387022380612
Random Forest,Distrito_EL AGUSTINO,0.0012045111325815273
Random Forest,Distrito_FRIAS,4.028259762390393e-05
Random Forest,Distrito_HUANCAVELICA,5.243956809701731e-05
Random Forest,Distrito_HUANTA,0.0006560769461116183
Random Forest,Distrito_HUANUCO,0.00022589535217573144
Random Forest,Distrito_HUARAL,0.003351989048232719
Random Forest,Distrito_INDEPENDENCIA,0.006330731246731091
Random Forest,Distrito_IQUITOS,5.8885978423974256e-05
Random Forest,Distrito_JESÚS MARÍA,0.0008911033132425037
Random Forest,Distrito_LA BANDA DE SHILCAYO,0.0
Random Forest,Distrito_LA MOLINA,0.0009939943436880398
Random Forest,Distrito_LA PUNTA,0.0006915106623739541
Random Forest,Distrito_LA VICTORIA,0.004251796893261225
Random Forest,Distrito_LIMA,0.0028041154257633064
Random Forest,Distrito_LINCE,1.503340828045232e-05
Random Forest,Distrito_LOS OLIVOS,0.008947863052582916
Random Forest,Distrito_LURIGANCHO,0.0036960748979334027
Random Forest,Distrito_LURIN,0.005301605240149905
Random Forest,Distrito_MAGDALENA DEL MAR,0.0026859102099904683
Random Forest,Distrito_MALA,0.0017386831415031772
Random Forest,Distrito_MANANTAY,4.799123789361307e-05
Random Forest,Distrito_MATUCANA,4.465527307241538e-05
Random Forest,Distrito_MIRAFLORES,6.18087421513631e-05
Random Forest,Distrito_MORALES,4.677338547172853e-05
Random Forest,Distrito_PACHACAMAC,0.007594165511216751
Random Forest,Distrito_PACHANGARA,0.0
Random Forest,Distrito_PADRE ABAD,0.0
Random Forest,Distrito_PANGOA,0.0
Random Forest,Distrito_PARDO MIGUEL,7.175703883823272e-05
Random Forest,Distrito_PICHARI,0.0
Random Forest,Distrito_PISCO,2.823605793862791e-06
Random Forest,Distrito_PIURA,0.0013655213514468854
Random Forest,Distrito_PUCUSANA,0.002177018098330792
Random Forest,Distrito_PUEBLO LIBRE,0.0019231813727380298
Random Forest,Distrito_PUENTE PIEDRA,0.007517255796215151
Random Forest,Distrito_PUNO,0.000603041747043696
Random Forest,Distrito_PUNTA HERMOSA,0.0029511040586483344
Random Forest,Distrito_PUNTA NEGRA,0.0039241062355208
Random Forest,Distrito_QUILMANA,0.0021588512753136987
Random Forest,Distrito_RÍMAC,0.0013122603981122374
Random Forest,Distrito_SALAS,5.417209519471598e-05
Random Forest,Distrito_SAN ANTONIO,2.8039313814509535e-05
Random Forest,Distrito_SAN BARTOLO,0.0013073613095367258
Random Forest,Distrito_SAN BORJA,0.002558672633724069
Random Forest,Distrito_SAN ISIDRO,0.000463033940933652
Random Forest,Distrito_SAN JERÓNIMO,2.9666037248907518e-05
Random Forest,Distrito_SAN JUAN BAUTISTA,0.0
Random Forest,Distrito_SAN JUAN DE LURIGANCHO,0.004908368068551951
Random Forest,Distrito_SAN JUAN DE MIRAFLORES,0.011655509552406022
Random Forest,Distrito_SAN LUIS,0.001373112432313411
Random Forest,Distrito_SAN MARCOS,4.863660452914464e-05
Random Forest,Distrito_SAN MARTÍN DE PORRES,0.012702516609349679
Random Forest,Distrito_SAN MIGUEL,0.0017147589255917999
Random Forest,Distrito_SAN VICENTE DE CAÑETE,0.00010771367433933476
Random Forest,Distrito_SANTA ANITA,0.0010650422656586494
Random Forest,Distrito_SANTA CRUZ DE COCACHACRA,8.521991239522801e-05
Random Forest,Distrito_SANTA MARÍA,8.424465459913483e-05
Random Forest,Distrito_SANTA ROSA,0.00012465075478585507
Random Forest,Distrito_SANTA ROSA DE QUIVES,2.7702877530106713e-05
Random Forest,Distrito_SANTIAGO DE SURCO,0.003077610368433683
Random Forest,Distrito_SAYAN,0.001088106704089066
Random Forest,Distrito_SULLANA,4.8975314950812396e-05
Random Forest,Distrito_SUPE,5.5483578147994564e-05
Random Forest,Distrito_SURQUILLO,0.00011900700112669152
Random Forest,Distrito_TACNA,2.4366462083269346e-05
Random Forest,Distrito_TAMBOPATA,1.9157355121011024e-05
Random Forest,Distrito_VENTANILLA,0.0014427965180017705
Random Forest,Distrito_VILLA EL SALVADOR,0.016957291697618445
Random Forest,Distrito_VILLA MARÍA DEL TRIUNFO,0.008385285727307583
Random Forest,Provincia_AREQUIPA,5.004994836599693e-05
Random Forest,Provincia_AYABACA ,1.5440459215988394e-05
Random Forest,Provincia_BARRANCA ,0.00022648163031258143
Random Forest,Provincia_BELLAVISTA ,3.6195562660209536e-05
Random Forest,Provincia_BOLOGNESI,0.0
Random Forest,Provincia_CAJAMARCA,1.5220529259439214e-05
Random Forest,Provincia_CALCA,0.0
Random Forest,Provincia_CANTA ,8.585715279083283e-05
Random Forest,Provincia_CARAVELÍ,0.00041497486526895574
Random Forest,Provincia_CARLOS FERMÍN FITZCARRALD,8.643601645864595e-05
Random Forest,Provincia_CASMA,1.7671934316231414e-06
Random Forest,Provincia_CAÑETE ,0.00217052018606642
Random Forest,Provincia_CHACHAPOYAS,4.851322340183263e-05
Random Forest,Provincia_CHICLAYO ,0.0003152085647866615
Random Forest,Provincia_CORONEL PORTILLO ,0.0011879010388368965
Random Forest,Provincia_HUAMANGA,0.00030446474932189073
Random Forest,Provincia_HUANCAVELICA,1.809408635891703e-05
Random Forest,Provincia_HUANTA,0.0005052574617654057
Random Forest,Provincia_HUARAL ,0.004543147973211546
Random Forest,Provincia_HUARI,0.00011037153001092247
Random Forest,Provincia_HUAROCHIRÍ ,0.00023409621195586246
Random Forest,Provincia_HUAURA ,0.0009448107785928136
Random Forest,Provincia_HUAYLAS,0.0
Random Forest,Provincia_HUÁNUCO,0.0002330730889302062
Random Forest,Provincia_ICA ,0.00015860351012294229
Random Forest,Provincia_JAÉN,0.00016137083375166356
Random Forest,Provincia_LA CONVENCIÓN,0.0
Random Forest,Provincia_LIMA,0.01322347020643331
Random Forest,Provincia_LIMA ,0.011014065016146038
Random Forest,Provincia_LUYA,0.00033282282915763386
Random Forest,Provincia_MAYNAS ,3.7405061792918945e-05
Random Forest,Provincia_OYÓN ,0.0
Random Forest,Provincia_PADRE ABAD ,0.0
Random Forest,Provincia_PISCO ,8.828155996157001e-07
Random Forest,Provincia_PIURA ,0.0013690374991896337
Random Forest,Provincia_PROV. CONST. DEL CALLAO,0.0024750032124817084
Random Forest,Provincia_PUNO ,0.0002555343872064135
Random Forest,Provincia_PÀUCAR DEL SARA SARA,0.0
Random Forest,Provincia_RIOJA ,5.137039379596621e-05
Random Forest,Provincia_SAN MARTÍN ,0.0
Random Forest,Provincia_SANTA,0.00038574845645046656
Random Forest,Provincia_SANTA CRUZ,5.79377049965321e-07
Random Forest,Provincia_SATIPO ,0.0
Random Forest,Provincia_SULLANA ,8.35069007228754e-05
Random Forest,Provincia_TACNA ,1.8422537762653768e-05
Random Forest,Provincia_TAMBOPATA ,5.325363949403594e-06
Random Forest,Provincia_UTCUBAMBA,0.0
Random Forest,Departamento_APURÍMAC,0.0
Random Forest,Departamento_AREQUIPA,0.0002372604802240268
Random Forest,Departamento_AYACUCHO,0.0006256284226850212
Random Forest,Departamento_CAJAMARCA,9.450922999925795e-05
Random Forest,Departamento_CALLAO,0.0027836475422397394
Random Forest,Departamento_CUSCO,0.0
Random Forest,Departamento_HUANCAVELICA,3.3673231225364364e-05
Random Forest,Departamento_HUÁNUCO,0.00020777265938124858
Random Forest,Departamento_ICA,0.0001335573853068138
Random Forest,Departamento_JUNÍN,0.0
Random Forest,Departamento_LAMBAYEQUE,0.0004395636884256644
Random Forest,Departamento_LIMA,0.004550849002269264
Random Forest,Departamento_LORETO,2.4595552147391404e-05
Random Forest,Departamento_MADRE DE DIOS,2.1312418694188944e-05
Random Forest,Departamento_PIURA,0.0009392353789550006
Random Forest,Departamento_PUNO,0.00021908558962631378
Random Forest,Departamento_SAN MARTÍN,0.0002851508694927078
Random Forest,Departamento_TACNA,4.6985316378822986e-05
Random Forest,Departamento_UCAYALI,0.0007163072034713777
Random Forest,Departamento_ÁNCASH,0.0007219668068465181
Random Forest,FamiliarResponsable_Apoderado,0.012709459245379681
Random Forest,FamiliarResponsable_Madre,0.01741747884556291
Random Forest,FamiliarResponsable_Padre,0.0086492972016485
Random Forest,CantParcialesDesaprobados_1,0.0026388891766724607
Random Forest,CantParcialesDesaprobados_2,0.00874140494319915
Random Forest,CantParcialesDesaprobados_3,0.017483849689486224
Random Forest,CantParcialesDesaprobados_4,0.006892855268268756
Random Forest,CantParcialesDesaprobados_5,0.0009313094073719518
Random Forest,CantParcialesDesaprobados_6,0.014303069659854032
Random Forest,CantParcialesDesaprobados_8,0.0010266702858976455
Random Forest,CantParcialesDesaprobados_9,0.014483465251889201
Random Forest,CantParcialesDesaprobados_10,0.0014154172782887705
Random Forest,CantParcialesDesaprobados_12,0.028946524176445804
Random Forest,CantParcialesDesaprobados_15,0.005545871382892301
Random Forest,CantParcialesDesaprobados_18,0.026912977807169777
Random Forest,CantParcialesDesaprobados_21,0.0016402290053128122
Random Forest,CantParcialesDesaprobados_28,0.00037386081117302556
Random Forest,CantFinalesDesaprobados_1,0.006744534054848731
Random Forest,CantFinalesDesaprobados_2,0.005908118347340014
Random Forest,CantFinalesDesaprobados_3,0.02151913601960362
Random Forest,CantFinalesDesaprobados_4,0.005681237308266383
Random Forest,CantFinalesDesaprobados_5,0.0006660004094791337
Random Forest,CantFinalesDesaprobados_6,0.018059886358399398
Random Forest,CantFinalesDesaprobados_8,0.0041609679934566084
Random Forest,CantFinalesDesaprobados_9,0.015534685120599764
Random Forest,CantFinalesDesaprobados_10,0.0011412391042693924
Random Forest,CantFinalesDesaprobados_12,0.016441894114577586
Random Forest,CantFinalesDesaprobados_15,0.013143470355114168
Random Forest,CantFinalesDesaprobados_18,0.07597319902902043
Random Forest,CantFinalesDesaprobados_20,0.0009333465255642382
Random Forest,CantFinalesDesaprobados_21,0.00896386350232758
Random Forest,CantFinalesDesaprobados_28,0.0018002299846334676
Random Forest,ExcedeNotasDesaprobadasNoParcNoFin_SI,0.059609126604643105
Random Forest,ExcedeMitadCursosDesaprobados_SI,0.06960944002214717
Random Forest,ProgramaAlu_Administracion de Empresas,0.002640135872603298
Random Forest,ProgramaAlu_Arquitectura y Urb Ambiental,0.009669948466492224
Random Forest,ProgramaAlu_Artes Escénicas,0.004599805890541325
Random Forest,ProgramaAlu_Biología Marina,0.004899006645692313
Random Forest,ProgramaAlu_Biología Marina y Econegocio,0.0
Random Forest,ProgramaAlu_Comunicación y Publicidad,0.0017332349160932758
Random Forest,ProgramaAlu_Contabilidad Corporativa,0.00028999687419962387
Random Forest,ProgramaAlu_Contabilidad y Finanzas,0.0008252358988398993
Random Forest,ProgramaAlu_Derecho,0.006211700865686703
Random Forest,ProgramaAlu_Enfermería,0.01658878084473149
Random Forest,ProgramaAlu_Estomatología,0.007753480616825214
Random Forest,ProgramaAlu_Farmacia y Bioquímica,0.008024186026146313
Random Forest,ProgramaAlu_Ing. Económica y de Negocios,0.006914844735993763
Random Forest,ProgramaAlu_Ing. Empresarial y de Sistemas,0.006395456653757207
Random Forest,ProgramaAlu_Ing. Negocios Agroforestales,0.0013869267854232372
Random Forest,ProgramaAlu_Ing. de Sistemas Empresariales,0.0019122489322326817
Random Forest,ProgramaAlu_Ingeniería Agroforestal,0.0006198495399911431
Random Forest,ProgramaAlu_Ingeniería Ambiental,0.006437712291547467
Random Forest,ProgramaAlu_Ingeniería Civil,0.00571976129422764
Random Forest,ProgramaAlu_Ingeniería y Gestión Ambiental,6.940320872511246e-05
Random Forest,ProgramaAlu_Marketing y Administración,0.006041343435931874
Random Forest,ProgramaAlu_Medic Veterinaria y Zootecnia,0.017506412063569603
Random Forest,ProgramaAlu_Medicina Humana,0.004273528446831755
Random Forest,ProgramaAlu_Nutrición y Dietética,0.004344344525295369
Random Forest,ProgramaAlu_Obstetricia,0.00762509310204828
Random Forest,ProgramaAlu_Psicología,0.013741295455765802
Random Forest,ProgramaAlu_Turismo Sostenible y Hotelería,0.000919575447021013
Random Forest,TipoColegio_PUBL,0.02936775299429223
XGBoost,GrupoEdad_Mayor25,0.008104503154754639
XGBoost,GrupoEdad_MenosDe18,0.010635698214173317
XGBoost,Genero_M,0.008712527342140675
XGBoost,Distrito_ANDAHUAYLAS,0.0
XGBoost,Distrito_ASIA,0.0
XGBoost,Distrito_ATE,0.009512658230960369
XGBoost,Distrito_AUCALLAMA,0.0
XGBoost,Distrito_AYACUCHO,0.0
XGBoost,Distrito_BAGUA GRANDE,0.0
XGBoost,Distrito_BARRANCA,0.0
XGBoost,Distrito_BARRANCO,0.0
XGBoost,Distrito_BELLAVISTA,0.0
XGBoost,Distrito_BREÑA,0.0
XGBoost,Distrito_CAJAMARCA,0.0
XGBoost,Distrito_CALCA,0.0
XGBoost,Distrito_CALLAO,0.0
XGBoost,Distrito_CALLERIA,0.0
XGBoost,Distrito_CARABAYLLO,0.018283089622855186
XGBoost,Distrito_CARAZ,0.0
XGBoost,Distrito_CARMEN ALTO,0.0
XGBoost,Distrito_CASMA,0.0
XGBoost,Distrito_CATACHE,0.0
XGBoost,Distrito_CERRO AZUL,0.0
XGBoost,Distrito_CERRO COLORADO,0.0
XGBoost,Distrito_CHACHAPOYAS,0.0
XGBoost,Distrito_CHACLACAYO,0.0
XGBoost,Distrito_CHALA,0.0
XGBoost,Distrito_CHANCAY,0.0
XGBoost,Distrito_CHILCA,0.0
XGBoost,Distrito_CHIMBOTE,0.0
XGBoost,Distrito_CHORRILLOS,0.008633174002170563
XGBoost,Distrito_CIENEGUILLA,0.0
XGBoost,Distrito_COLQUIOC,0.0
XGBoost,Distrito_COLTA,0.0
XGBoost,Distrito_COMAS,0.010363638401031494
XGBoost,Distrito_EL AGUSTINO,0.006048526614904404
XGBoost,Distrito_FRIAS,0.0
XGBoost,Distrito_HUANCAVELICA,0.0
XGBoost,Distrito_HUANTA,0.0
XGBoost,Distrito_HUANUCO,0.0
XGBoost,Distrito_HUARAL,0.004465610720217228
XGBoost,Distrito_INDEPENDENCIA,0.009374923072755337
XGBoost,Distrito_IQUITOS,0.0
XGBoost,Distrito_JESÚS MARÍA,0.0
XGBoost,Distrito_LA BANDA DE SHILCAYO,0.0
XGBoost,Distrito_LA MOLINA,0.0
XGBoost,Distrito_LA PUNTA,0.0
XGBoost,Distrito_LA VICTORIA,0.0
XGBoost,Distrito_LIMA,0.006901956629008055
XGBoost,Distrito_LINCE,0.0
XGBoost,Distrito_LOS OLIVOS,0.002980774035677314
XGBoost,Distrito_LURIGANCHO,0.005903995595872402
XGBoost,Distrito_LURIN,0.0031257090158760548
XGBoost,Distrito_MAGDALENA DEL MAR,0.0
XGBoost,Distrito_MALA,0.0
XGBoost,Distrito_MANANTAY,0.0
XGBoost,Distrito_MATUCANA,0.0
XGBoost,Distrito_MIRAFLORES,0.0
XGBoost,Distrito_MORALES,0.0
XGBoost,Distrito_PACHACAMAC,0.006501205265522003
XGBoost,Distrito_PACHANGARA,0.0
XGBoost,Distrito_PADRE ABAD,0.0
XGBoost,Distrito_PANGOA,0.0
XGBoost,Distrito_PARDO MIGUEL,0.0
XGBoost,Distrito_PICHARI,0.0
XGBoost,Distrito_PISCO,0.0
XGBoost,Distrito_PIURA,0.0
XGBoost,Distrito_PUCUSANA,0.0
XGBoost,Distrito_PUEBLO LIBRE,0.0
XGBoost,Distrito_PUENTE PIEDRA,0.0028644283302128315
XGBoost,Distrito_PUNO,0.0
XGBoost,Distrito_PUNTA HERMOSA,0.0
XGBoost,Distrito_PUNTA NEGRA,0.0
XGBoost,Distrito_QUILMANA,0.0
XGBoost,Distrito_RÍMAC,0.0
XGBoost,Distrito_SALAS,0.0
XGBoost,Distrito_SAN ANTONIO,0.0
XGBoost,Distrito_SAN BARTOLO,0.0
XGBoost,Distrito_SAN BORJA,0.003778898622840643
XGBoost,Distrito_SAN ISIDRO,0.0
XGBoost,Distrito_SAN JERÓNIMO,0.0
XGBoost,Distrito_SAN JUAN BAUTISTA,0.0
XGBoost,Distrito_SAN JUAN DE LURIGANCHO,0.006241937167942524
XGBoost,Distrito_SAN JUAN DE MIRAFLORES,0.009325837716460228
XGBoost,Distrito_SAN LUIS,0.0
XGBoost,Distrito_SAN MARCOS,0.0
XGBoost,Distrito_SAN MARTÍN DE PORRES,0.007086446508765221
XGBoost,Distrito_SAN MIGUEL,0.0
XGBoost,Distrito_SAN VICENTE DE CAÑETE,0.0
XGBoost,Distrito_SANTA ANITA,0.0
XGBoost,Distrito_SANTA CRUZ DE COCACHACRA,0.0
XGBoost,Distrito_SANTA MARÍA,0.0
XGBoost,Distrito_SANTA ROSA,0.0
XGBoost,Distrito_SANTA ROSA DE QUIVES,0.0
XGBoost,Distrito_SANTIAGO DE SURCO,0.007434849161654711
XGBoost,Distrito_SAYAN,0.0
XGBoost,Distrito_SULLANA,0.0
XGBoost,Distrito_SUPE,0.0
XGBoost,Distrito_SURQUILLO,0.0
XGBoost,Distrito_TACNA,0.0
XGBoost,Distrito_TAMBOPATA,0.0
XGBoost,Distrito_VENTANILLA,0.005149335600435734
XGBoost,Distrito_VILLA EL SALVADOR,0.007698815315961838
XGBoost,Distrito_VILLA MARÍA DEL TRIUNFO,0.006794499699026346
XGBoost,Provincia_AREQUIPA,0.0
XGBoost,Provincia_AYABACA ,0.0
XGBoost,Provincia_BARRANCA ,0.0
XGBoost,Provincia_BELLAVISTA ,0.0
XGBoost,Provincia_BOLOGNESI,0.0
XGBoost,Provincia_CAJAMARCA,0.0
XGBoost,Provincia_CALCA,0.0
XGBoost,Provincia_CANTA ,0.0
XGBoost,Provincia_CARAVELÍ,0.0
XGBoost,Provincia_CARLOS FERMÍN FITZCARRALD,0.0
XGBoost,Provincia_CASMA,0.0
XGBoost,Provincia_CAÑETE ,0.009129644371569157
XGBoost,Provincia_CHACHAPOYAS,0.0
XGBoost,Provincia_CHICLAYO ,0.0
XGBoost,Provincia_CORONEL PORTILLO ,0.0
XGBoost,Provincia_HUAMANGA,0.0
XGBoost,Provincia_HUANCAVELICA,0.0
XGBoost,Provincia_HUANTA,0.0
XGBoost,Provincia_HUARAL ,0.008998195640742779
XGBoost,Provincia_HUARI,0.0
XGBoost,Provincia_HUAROCHIRÍ ,0.0
XGBoost,Provincia_HUAURA ,0.0
XGBoost,Provincia_HUAYLAS,0.0
XGBoost,Provincia_HUÁNUCO,0.0
XGBoost,Provincia_ICA ,0.0
XGBoost,Provincia_JAÉN,0.0
XGBoost,Provincia_LA CONVENCIÓN,0.0
XGBoost,Provincia_LIMA,0.03541210666298866
XGBoost,Provincia_LIMA ,0.010287044569849968
XGBoost,Provincia_LUYA,0.0
XGBoost,Provincia_MAYNAS ,0.0
XGBoost,Provincia_OYÓN ,0.0
XGBoost,Provincia_PADRE ABAD ,0.0
XGBoost,Provincia_PISCO ,0.0
XGBoost,Provincia_PIURA ,0.0
XGBoost,Provincia_PROV. CONST. DEL CALLAO,0.008765555918216705
XGBoost,Provincia_PUNO ,0.0
XGBoost,Provincia_PÀUCAR DEL SARA SARA,0.0
XGBoost,Provincia_RIOJA ,0.0
XGBoost,Provincia_SAN MARTÍN ,0.0
XGBoost,Provincia_SANTA,0.0
XGBoost,Provincia_SANTA CRUZ,0.0
XGBoost,Provincia_SATIPO ,0.0
XGBoost,Provincia_SULLANA ,0.0
XGBoost,Provincia_TACNA ,0.0
XGBoost,Provincia_TAMBOPATA ,0.0
XGBoost,Provincia_UTCUBAMBA,0.0
XGBoost,Departamento_APURÍMAC,0.0
XGBoost,Departamento_AREQUIPA,0.0
XGBoost,Departamento_AYACUCHO,0.0
XGBoost,Departamento_CAJAMARCA,0.0
XGBoost,Departamento_CALLAO,0.0
XGBoost,Departamento_CUSCO,0.0
XGBoost,Departamento_HUANCAVELICA,0.0
XGBoost,Departamento_HUÁNUCO,0.0
XGBoost,Departamento_ICA,0.0
XGBoost,Departamento_JUNÍN,0.0
XGBoost,Departamento_LAMBAYEQUE,0.0
XGBoost,Departamento_LIMA,0.01148147787898779
XGBoost,Departamento_LORETO,0.0
XGBoost,Departamento_MADRE DE DIOS,0.0
XGBoost,Departamento_PIURA,0.0
XGBoost,Departamento_PUNO,0.0
XGBoost,Departamento_SAN MARTÍN,0.0
XGBoost,Departamento_TACNA,0.0
XGBoost,Departamento_UCAYALI,0.0
XGBoost,Departamento_ÁNCASH,0.0
XGBoost,FamiliarResponsable_Apoderado,0.008167289197444916
XGBoost,FamiliarResponsable_Madre,0.00800490565598011
XGBoost,FamiliarResponsable_Padre,0.017069991677999496
XGBoost,CantParcialesDesaprobados_1,0.006172663997858763
XGBoost,CantParcialesDesaprobados_2,0.012192575260996819
XGBoost,CantParcialesDesaprobados_3,0.006273623090237379
XGBoost,CantParcialesDesaprobados_4,0.006582476198673248
XGBoost,CantParcialesDesaprobados_5,0.0
XGBoost,CantParcialesDesaprobados_6,0.010766931809484959
XGBoost,CantParcialesDesaprobados_8,0.0
XGBoost,CantParcialesDesaprobados_9,0.010818049311637878
XGBoost,CantParcialesDesaprobados_10,0.0
XGBoost,CantParcialesDesaprobados_12,0.018044697120785713
XGBoost,CantParcialesDesaprobados_15,0.0
XGBoost,CantParcialesDesaprobados_18,0.0038294156547635794
XGBoost,CantParcialesDesaprobados_21,0.0
XGBoost,CantParcialesDesaprobados_28,0.0
XGBoost,CantFinalesDesaprobados_1,0.00401495024561882
XGBoost,CantFinalesDesaprobados_2,0.0059202853590250015
XGBoost,CantFinalesDesaprobados_3,0.013491546735167503
XGBoost,CantFinalesDesaprobados_4,0.005152283236384392
XGBoost,CantFinalesDesaprobados_5,0.0
XGBoost,CantFinalesDesaprobados_6,0.012289140373468399
XGBoost,CantFinalesDesaprobados_8,0.0
XGBoost,CantFinalesDesaprobados_9,0.008764808997511864
XGBoost,CantFinalesDesaprobados_10,0.0
XGBoost,CantFinalesDesaprobados_12,0.02667948603630066
XGBoost,CantFinalesDesaprobados_15,0.043850816786289215
XGBoost,CantFinalesDesaprobados_18,0.17515628039836884
XGBoost,CantFinalesDesaprobados_20,0.0
XGBoost,CantFinalesDesaprobados_21,0.03397058695554733
XGBoost,CantFinalesDesaprobados_28,0.0
XGBoost,ExcedeNotasDesaprobadasNoParcNoFin_SI,0.027962839230895042
XGBoost,ExcedeMitadCursosDesaprobados_SI,0.09817992150783539
XGBoost,ProgramaAlu_Administracion de Empresas,0.017541687935590744
XGBoost,ProgramaAlu_Arquitectura y Urb Ambiental,0.010034761391580105
XGBoost,ProgramaAlu_Artes Escénicas,0.005301438271999359
XGBoost,ProgramaAlu_Biología Marina,0.0042249346151947975
XGBoost,ProgramaAlu_Biología Marina y Econegocio,0.0
XGBoost,ProgramaAlu_Comunicación y Publicidad,0.013893981464207172
XGBoost,ProgramaAlu_Contabilidad Corporativa,0.0
XGBoost,ProgramaAlu_Contabilidad y Finanzas,0.0
XGBoost,ProgramaAlu_Derecho,0.007047230843454599
XGBoost,ProgramaAlu_Enfermería,0.010650016367435455
XGBoost,ProgramaAlu_Estomatología,0.007311605382710695
XGBoost,ProgramaAlu_Farmacia y Bioquímica,0.0058013214729726315
XGBoost,ProgramaAlu_Ing. Económica y de Negocios,0.0035646739415824413
XGBoost,ProgramaAlu_Ing. Empresarial y de Sistemas,0.009924698621034622
XGBoost,ProgramaAlu_Ing. Negocios Agroforestales,0.0
XGBoost,ProgramaAlu_Ing. de Sistemas Empresariales,0.0
XGBoost,ProgramaAlu_Ingeniería Agroforestal,0.0
XGBoost,ProgramaAlu_Ingeniería Ambiental,0.005834061652421951
XGBoost,ProgramaAlu_Ingeniería Civil,0.014748101122677326
XGBoost,ProgramaAlu_Ingeniería y Gestión Ambiental,0.0
XGBoost,ProgramaAlu_Marketing y Administración,0.0027901746798306704
XGBoost,ProgramaAlu_Medic Veterinaria y Zootecnia,0.00765101658180356
XGBoost,ProgramaAlu_Medicina Humana,0.006331846583634615
XGBoost,ProgramaAlu_Nutrición y Dietética,0.011815359815955162
XGBoost,ProgramaAlu_Obstetricia,0.010156593285501003
XGBoost,ProgramaAlu_Psicología,0.013554292730987072
XGBoost,ProgramaAlu_Turismo Sostenible y Hotelería,0.0
XGBoost,TipoColegio_PUBL,0.00846963468939066
